Estrategia,N_Efetivo,N_Ativos_Total,Turnover_Medio_Pct,Turnover_Mediano_Pct,Max_Peso_Ativo_Pct,Concentracao_Top3_Pct,Indice_Herfindahl,Custo_Est_25bps_aa
Equal Weight,9.999999999999996,10,10.0,8.0,10.0,30.000000000000004,0.10000000000000003,0.30000000000000004
Mean-Variance Optimization,3.235543329842374,10,25.0,20.0,40.00000000000001,88.84111992685317,0.3090671018918844,0.75
Equal Risk Contribution,9.47283164239071,10,15.0,12.0,15.332457925351758,38.779420988445764,0.10556505570362111,0.44999999999999996
