Estratégia,Retorno_Anual_Pct,Volatilidade_Anual_Pct,Sharpe_Ratio,Sortino_Ratio,Max_Drawdown_Pct
Equal Weight,32.33341700744819,18.952006882254025,1.376815509278921,1.7098614609146823,-15.414190422295054
Mean-Variance Optimization,42.88040850004818,19.751675665325422,1.85505316717869,2.5705128266594985,-13.443855345819324
Equal Risk Contribution,29.76522956856701,18.042446800925422,1.3038824405656757,1.5600966795662474,-15.432159897382036
