Estratégia,Retorno_Anual_Pct,Volatilidade_Anual_Pct,Sharpe_Ratio,Sortino_Ratio,Max_Drawdown_Pct
Equal Weight,27.788892994804304,19.486775575496367,1.105821376723861,1.5246455909443848,-19.744078672714746
Mean-Variance Optimization,46.08682771500255,23.235121266322874,1.7149395201460291,3.962358130753514,-18.231848886649832
Equal Risk Contribution,22.00753174333038,20.763311562677334,0.7593938806790811,1.018800464476346,-23.650752324706907
