Estratégia,Retorno_Anual_Pct,Volatilidade_Anual_Pct,Sharpe_Ratio,Sortino_Ratio,Max_Drawdown_Pct
Equal Weight,29.839718645601685,19.72010915841122,1.1967336720109227,1.5841572854061228,-18.880949177035674
Mean-Variance Optimization,42.44981017774809,19.48960201630217,1.8579040324917981,3.43603864777318,-14.608684505275187
Equal Risk Contribution,28.74729390985664,18.62333089246974,1.2085536169556736,1.6155922433147498,-18.189925917695405
