Estratégia,Retorno_Anual_Pct,Volatilidade_Anual_Pct,Sharpe_Ratio,Sortino_Ratio,Max_Drawdown_Pct
Equal Weight,33.68162759609605,20.895355955792795,1.313288352404853,1.4567982519807423,-18.018464399848703
Mean-Variance Optimization,47.5424578927999,21.81623520213541,1.8931982310475435,2.6108555261052087,-12.68595152749259
Equal Risk Contribution,30.684846125973987,19.62236504424828,1.2457645177251084,1.29903408364046,-17.620930413389114
