{
  "MVO_vs_EW": {
    "diferenca_sharpe": 0.19086344368769959,
    "t_estatistica": 1.9113038149325592,
    "p_value": 0.06850595799091774,
    "significante_5pct": false,
    "significante_bonferroni": false
  },
  "MVO_vs_ERC": {
    "diferenca_sharpe": 0.18745131948987054,
    "t_estatistica": 2.1517775418667386,
    "p_value": 0.04214890083952172,
    "significante_5pct": true,
    "significante_bonferroni": false
  },
  "EW_vs_ERC": {
    "diferenca_sharpe": -0.0034121241978290473,
    "t_estatistica": -0.1385832207202631,
    "p_value": 0.8909857339619107,
    "significante_5pct": false,
    "significante_bonferroni": false
  }
}