{
  "MVO_vs_EW": {
    "diferenca_sharpe": 0.17583726203653716,
    "t_estatistica": 1.8477130004862512,
    "p_value": 0.07754586586164613,
    "significante_5pct": false
  },
  "MVO_vs_ERC": {
    "diferenca_sharpe": 0.27584226608460816,
    "t_estatistica": 1.8278148237622107,
    "p_value": 0.08057978730666293,
    "significante_5pct": false
  },
  "EW_vs_ERC": {
    "diferenca_sharpe": 0.10000500404807103,
    "t_estatistica": 1.4157451163943606,
    "p_value": 0.17024996146175053,
    "significante_5pct": false
  }
}