{
  "Equal Weight": {
    "weights": [
      0.1,
      0.1,
      0.1,
      0.1,
      0.1,
      0.1,
      0.1,
      0.1,
      0.1,
      0.1
    ],
    "annual_return": 0.15667004519848926,
    "annual_volatility": 0.131065829060563,
    "sharpe_ratio": 0.699419870576108,
    "monthly_returns": [
      0.02035429890375958,
      -0.008024987592666552,
      -0.0029281646864585697,
      -0.026117653256335124,
      -0.07191298783780785,
      -0.02304514781481192,
      0.05481682419697774,
      -0.007808032658964819,
      0.004451214904243518,
      0.04183088846745489,
      0.038293993495913864,
      -0.007559153897002764,
      0.07958191971312406,
      -0.03390131301562388,
      -0.015468957958167292,
      0.04836954641717206,
      -0.00033399997119840964,
      0.04815267418321475,
      0.04402887470573707,
      -0.011358999052396372,
      0.018952900390638565,
      0.00753284715217137,
      0.024111428293288932,
      0.09132207731471571
    ]
  },
  "Markowitz": {
    "weights": [
      0.11173370906751345,
      0.001,
      0.256438160588109,
      0.0010000000000240017,
      0.18787786994585398,
      0.001,
      0.001000000000010274,
      0.2630967085134482,
      0.17585355188500124,
      0.0010000000000726158
    ],
    "annual_return": 0.2907738621738428,
    "annual_volatility": 0.10729246185601987,
    "sharpe_ratio": 2.104284478781165,
    "monthly_returns": [
      0.02580492073211023,
      0.014444507063342741,
      0.0036545810659208283,
      -0.00020965988093843597,
      -0.037496452459090376,
      -0.01634569352727211,
      0.06371413440723356,
      0.006101419591796274,
      0.007633314123127746,
      0.0675124823002194,
      0.05447294331649991,
      0.0038980989039559396,
      0.0643221743013328,
      -0.009259272121084265,
      -0.01669513660276271,
      0.04083430744578282,
      0.022828321998327225,
      0.051519431262614275,
      0.052956160620840034,
      0.004894527072277333,
      0.031763643614252705,
      0.028329472398568353,
      0.0351385798475652,
      0.0817309188730661
    ]
  },
  "Risk Parity": {
    "weights": [
      0.24546699962143192,
      0.13066020220151292,
      0.1113757883262431,
      0.06327061850894478,
      0.07751233871071855,
      0.07376366312714769,
      0.053944079774140716,
      0.10242919791966987,
      0.09252455308278838,
      0.04905255872740207
    ],
    "annual_return": 0.16312546211494128,
    "annual_volatility": 0.10100045437271378,
    "sharpe_ratio": 0.9715348581783291,
    "monthly_returns": [
      0.013277297475097066,
      0.005885367487334295,
      -0.003787334686611429,
      -0.015946581448117163,
      -0.053548391569419734,
      0.003408572883465374,
      0.016648981435658267,
      -2.494220798708504e-05,
      0.0030765921204822574,
      0.0404976762367164,
      0.03972581480006616,
      -0.00921554754176138,
      0.045766986144345614,
      -0.017706738059115393,
      -0.016842741829043346,
      0.051593637055391904,
      -0.00048698035774876695,
      0.0483221202704863,
      0.04079162666722655,
      -0.006105368217121346,
      0.01911161770372815,
      0.017075229450110897,
      0.02491673519635008,
      0.07981729522034887
    ]
  }
}