{
  "Equal Weight": {
    "weights": [
      0.1,
      0.1,
      0.1,
      0.1,
      0.1,
      0.1,
      0.1,
      0.1,
      0.1,
      0.1
    ],
    "annual_return": 0.2117498448313681,
    "annual_volatility": 0.19922656688367635,
    "sharpe_ratio": 0.7365977696993184,
    "monthly_returns": [
      0.0,
      0.02134246988683644,
      0.00196480262640766,
      -0.006281846162840221,
      -0.13236032901199546,
      -0.06812646684593836,
      0.12462058844792806,
      -0.04910477151248174,
      0.0473396827194928,
      0.1266696580607951,
      0.015633044370994047,
      -0.005880163091590651,
      0.12321889752354871,
      -0.0018437430746594194,
      -0.0009015665970900893,
      0.01970642704935669,
      0.01636833088926554,
      0.05163179619535426,
      0.032918474305476966,
      0.006263542124879257,
      0.01035117761511722,
      0.017917177516224854,
      0.00665162603608737,
      0.06540088059156716
    ]
  },
  "Markowitz": {
    "weights": [
      0.001,
      0.20367430938321368,
      0.001,
      0.001,
      0.001,
      0.12251799955429493,
      0.35057559119229925,
      0.3172320998702035,
      0.0010000000000011402,
      0.001
    ],
    "annual_return": 0.2931386446247968,
    "annual_volatility": 0.1464793913924308,
    "sharpe_ratio": 1.5574794683136952,
    "monthly_returns": [
      0.0,
      0.012583401241258254,
      0.016879594105222603,
      0.02119616298727722,
      -0.061610024500079644,
      -0.042790821523393405,
      0.08820413488126097,
      -0.029463485025317957,
      0.062439068686385865,
      0.04733424848359595,
      -0.031379106210311515,
      0.015790628857906268,
      0.05822114886141035,
      0.01727577431434949,
      -0.006142643076212663,
      0.04515657413361233,
      0.027421347946950846,
      0.07974700423327105,
      0.06970691500583136,
      -0.009476760188644653,
      0.023631312502246194,
      0.01197590137964407,
      0.08500561108751828,
      0.08457130106581232
    ]
  },
  "Risk Parity": {
    "weights": [
      0.058403567106978874,
      0.2554551571874793,
      0.08355597298919024,
      0.06861271323270952,
      0.0986582143980966,
      0.08827321842518925,
      0.11591100911434289,
      0.09246746131109491,
      0.10260812118407545,
      0.036054565050843035
    ],
    "annual_return": 0.20009985624757567,
    "annual_volatility": 0.1478549872599804,
    "sharpe_ratio": 0.9137321557508454,
    "monthly_returns": [
      0.0,
      0.019247005971300097,
      0.0014948799701997636,
      0.02143385401452534,
      -0.09119277700282313,
      -0.05190578269699543,
      0.10668398793446893,
      -0.036564273834077135,
      0.060220189914824473,
      0.06906251959773033,
      -0.00018831618134848224,
      -0.008028689050587588,
      0.06470576401377964,
      0.0029251084872289074,
      0.011068366201760457,
      0.02380959532879247,
      0.009629881402968719,
      0.055695803341401576,
      0.024764407685574245,
      -0.01718012907475584,
      0.02319142477975921,
      0.010457264037056106,
      0.030065788896037757,
      0.07080383875833095
    ]
  }
}