Estratégia,Retorno_Anual_Pct,Volatilidade_Anual_Pct,Sharpe_Ratio,Sortino_Ratio,VaR_95_Mensal_Pct,CVaR_95_Mensal_Pct,Max_Drawdown_Pct,Information_Ratio
Equal Weight,21.17498448313681,19.922656688367635,0.7365977696993184,0.974854359203875,-6.527321254591986,-10.024339792896692,-19.65486181696922,0.0
Markowitz,29.31386446247968,14.64793913924308,1.5574794683136952,3.216777539225251,-4.107906422643112,-5.2200423011736525,-10.176450246103826,0.6536332833224098
Risk Parity,20.00998562475757,14.785498725998039,0.9137321557508454,1.2885336279141886,-4.960455636755769,-7.154927984990928,-13.836512723317446,-0.15034411682996157
