Estratégia,Retorno_Anual_Pct,Volatilidade_Anual_Pct,Sharpe_Ratio,Sortino_Ratio,VaR_95_Mensal_Pct,CVaR_95_Mensal_Pct,Max_Drawdown_Pct,Information_Ratio
Equal Weight,15.667004519848927,13.1065829060563,0.699419870576108,0.8872249111178806,-3.2733764051730563,-5.290715042671587,-12.663282701594557,0
Markowitz,29.077386217384284,10.729246185601987,2.104284478781165,3.334227342556968,-1.664272014143912,-2.7095794530926547,-5.342774031082632,0
Risk Parity,16.312546211494126,10.100045437271378,0.9715348581783291,1.270381260266009,-1.7577138624604587,-3.5627564814267565,-7.21684272520233,0
